[{"model": "admin.logentry", "pk": 1, "fields": {"action_time": "2022-07-28T16:03:03.217Z", "user": 1, "content_type": 7, "object_id": "1", "object_repr": "RewornFashion.com", "action_flag": 2, "change_message": "[{\"changed\": {\"fields\": [\"Domain name\", \"Display name\"]}}]"}}, {"model": "admin.logentry", "pk": 2, "fields": {"action_time": "2022-07-28T16:03:18.307Z", "user": 1, "content_type": 7, "object_id": "1", "object_repr": "RewornFashion.com", "action_flag": 2, "change_message": "[{\"changed\": {\"fields\": [\"Display name\"]}}]"}}, {"model": "admin.logentry", "pk": 3, "fields": {"action_time": "2022-07-28T16:03:35.704Z", "user": 1, "content_type": 7, "object_id": "1", "object_repr": "Reworn.com", "action_flag": 2, "change_message": "[{\"changed\": {\"fields\": [\"Domain name\"]}}]"}}, {"model": "admin.logentry", "pk": 4, "fields": {"action_time": "2022-07-28T16:28:02.060Z", "user": 1, "content_type": 8, "object_id": "1", "object_repr": "charlottereek@outlook.com", "action_flag": 1, "change_message": "[{\"added\": {}}]"}}, {"model": "admin.logentry", "pk": 5, "fields": {"action_time": "2022-08-03T15:39:20.382Z", "user": 1, "content_type": 14, "object_id": "1", "object_repr": "Test1", "action_flag": 1, "change_message": "[{\"added\": {}}]"}}, {"model": "admin.logentry", "pk": 6, "fields": {"action_time": "2022-08-03T15:40:01.393Z", "user": 1, "content_type": 14, "object_id": "1", "object_repr": "Test1", "action_flag": 2, "change_message": "[{\"changed\": {\"fields\": [\"Image\"]}}]"}}, {"model": "admin.logentry", "pk": 7, "fields": {"action_time": "2022-08-03T15:40:17.313Z", "user": 1, "content_type": 14, "object_id": "1", "object_repr": "Test1", "action_flag": 2, "change_message": "[]"}}, {"model": "admin.logentry", "pk": 8, "fields": {"action_time": "2022-08-05T16:22:01.414Z", "user": 1, "content_type": 14, "object_id": "2", "object_repr": "test2", "action_flag": 1, "change_message": "[{\"added\": {}}]"}}, {"model": "admin.logentry", "pk": 9, "fields": {"action_time": "2022-08-08T14:17:16.242Z", "user": 1, "content_type": 14, "object_id": "3", "object_repr": "test3", "action_flag": 1, "change_message": "[{\"added\": {}}]"}}, {"model": "admin.logentry", "pk": 10, "fields": {"action_time": "2022-08-08T14:21:56.450Z", "user": 1, "content_type": 14, "object_id": "4", "object_repr": "test4", "action_flag": 1, "change_message": "[{\"added\": {}}]"}}, {"model": "admin.logentry", "pk": 11, "fields": {"action_time": "2022-08-08T14:22:33.495Z", "user": 1, "content_type": 14, "object_id": "5", "object_repr": "test5", "action_flag": 1, "change_message": "[{\"added\": {}}]"}}, {"model": "admin.logentry", "pk": 12, "fields": {"action_time": "2022-08-11T14:56:41.612Z", "user": 1, "content_type": 14, "object_id": "1", "object_repr": "Test1", "action_flag": 2, "change_message": "[{\"changed\": {\"fields\": [\"Description\"]}}]"}}, {"model": "admin.logentry", "pk": 13, "fields": {"action_time": "2022-08-11T15:21:30.632Z", "user": 1, "content_type": 14, "object_id": "2", "object_repr": "test2", "action_flag": 2, "change_message": "[{\"changed\": {\"fields\": [\"Description\"]}}]"}}, {"model": "admin.logentry", "pk": 14, "fields": {"action_time": "2022-08-15T15:23:45.006Z", "user": 1, "content_type": 14, "object_id": "1", "object_repr": "Test1", "action_flag": 2, "change_message": "[{\"changed\": {\"fields\": [\"Price\"]}}]"}}, {"model": "admin.logentry", "pk": 15, "fields": {"action_time": "2022-08-15T15:23:53.692Z", "user": 1, "content_type": 14, "object_id": "2", "object_repr": "test2", "action_flag": 2, "change_message": "[{\"changed\": {\"fields\": [\"Price\"]}}]"}}, {"model": "admin.logentry", "pk": 16, "fields": {"action_time": "2022-08-15T15:24:10.182Z", "user": 1, "content_type": 14, "object_id": "3", "object_repr": "htest", "action_flag": 2, "change_message": "[{\"changed\": {\"fields\": [\"Name\", \"Price\"]}}]"}}, {"model": "admin.logentry", "pk": 17, "fields": {"action_time": "2022-08-15T15:24:22.562Z", "user": 1, "content_type": 14, "object_id": "5", "object_repr": "ztest5", "action_flag": 2, "change_message": "[{\"changed\": {\"fields\": [\"Name\", \"Price\"]}}]"}}, {"model": "admin.logentry", "pk": 18, "fields": {"action_time": "2022-08-24T15:31:51.132Z", "user": 1, "content_type": 14, "object_id": "6", "object_repr": "test6", "action_flag": 1, "change_message": "[{\"added\": {}}]"}}, {"model": "admin.logentry", "pk": 19, "fields": {"action_time": "2022-08-27T13:42:33.560Z", "user": 1, "content_type": 16, "object_id": "5", "object_repr": "C499F303BE654827990ADB4129D65F67", "action_flag": 3, "change_message": ""}}, {"model": "admin.logentry", "pk": 20, "fields": {"action_time": "2022-08-27T13:42:33.562Z", "user": 1, "content_type": 16, "object_id": "4", "object_repr": "1ABF58142AF64AA2B34DC75CDA292657", "action_flag": 3, "change_message": ""}}, {"model": "admin.logentry", "pk": 21, "fields": {"action_time": "2022-08-27T13:42:33.564Z", "user": 1, "content_type": 16, "object_id": "3", "object_repr": "11CA943EEFC24723BDF993C376AF083A", "action_flag": 3, "change_message": ""}}, {"model": "admin.logentry", "pk": 22, "fields": {"action_time": "2022-08-27T13:42:33.566Z", "user": 1, "content_type": 16, "object_id": "2", "object_repr": "06C8AB49077D4C5CB7035C5593C7D8AF", "action_flag": 3, "change_message": ""}}, {"model": "admin.logentry", "pk": 23, "fields": {"action_time": "2022-08-27T13:42:33.567Z", "user": 1, "content_type": 16, "object_id": "1", "object_repr": "81F2B175E54149318484F8018079CA26", "action_flag": 3, "change_message": ""}}, {"model": "admin.logentry", "pk": 24, "fields": {"action_time": "2022-08-27T14:02:31.475Z", "user": 1, "content_type": 16, "object_id": "7", "object_repr": "3D524F64C4B6403FAE9D4F0207FCD4EF", "action_flag": 2, "change_message": "[{\"changed\": {\"name\": \"order line item\", \"object\": \"SKU 2 on order 3D524F64C4B6403FAE9D4F0207FCD4EF\", \"fields\": [\"Quantity\"]}}]"}}, {"model": "admin.logentry", "pk": 25, "fields": {"action_time": "2022-08-27T14:02:48.497Z", "user": 1, "content_type": 16, "object_id": "7", "object_repr": "3D524F64C4B6403FAE9D4F0207FCD4EF", "action_flag": 2, "change_message": "[{\"changed\": {\"name\": \"order line item\", \"object\": \"SKU 2 on order 3D524F64C4B6403FAE9D4F0207FCD4EF\", \"fields\": [\"Quantity\"]}}, {\"changed\": {\"name\": \"order line item\", \"object\": \"SKU 2 on order 3D524F64C4B6403FAE9D4F0207FCD4EF\", \"fields\": [\"Quantity\"]}}]"}}, {"model": "admin.logentry", "pk": 26, "fields": {"action_time": "2022-08-27T14:02:58.514Z", "user": 1, "content_type": 16, "object_id": "7", "object_repr": "3D524F64C4B6403FAE9D4F0207FCD4EF", "action_flag": 2, "change_message": "[{\"deleted\": {\"name\": \"order line item\", \"object\": \"SKU 2 on order 3D524F64C4B6403FAE9D4F0207FCD4EF\"}}]"}}, {"model": "admin.logentry", "pk": 27, "fields": {"action_time": "2022-08-27T18:50:11.548Z", "user": 1, "content_type": 14, "object_id": "1", "object_repr": "Test1", "action_flag": 3, "change_message": ""}}, {"model": "admin.logentry", "pk": 28, "fields": {"action_time": "2022-08-27T18:50:11.551Z", "user": 1, "content_type": 14, "object_id": "3", "object_repr": "htest", "action_flag": 3, "change_message": ""}}, {"model": "admin.logentry", "pk": 29, "fields": {"action_time": "2022-08-27T18:50:11.552Z", "user": 1, "content_type": 14, "object_id": "2", "object_repr": "test2", "action_flag": 3, "change_message": ""}}, {"model": "admin.logentry", "pk": 30, "fields": {"action_time": "2022-08-27T18:50:11.555Z", "user": 1, "content_type": 14, "object_id": "4", "object_repr": "test4", "action_flag": 3, "change_message": ""}}, {"model": "admin.logentry", "pk": 31, "fields": {"action_time": "2022-08-27T18:50:11.557Z", "user": 1, "content_type": 14, "object_id": "6", "object_repr": "test6", "action_flag": 3, "change_message": ""}}, {"model": "admin.logentry", "pk": 32, "fields": {"action_time": "2022-08-27T18:50:11.558Z", "user": 1, "content_type": 14, "object_id": "5", "object_repr": "ztest5", "action_flag": 3, "change_message": ""}}, {"model": "admin.logentry", "pk": 33, "fields": {"action_time": "2022-08-27T19:24:14.743Z", "user": 1, "content_type": 13, "object_id": "8", "object_repr": "trainers", "action_flag": 3, "change_message": ""}}, {"model": "admin.logentry", "pk": 34, "fields": {"action_time": "2022-08-27T19:24:14.745Z", "user": 1, "content_type": 13, "object_id": "7", "object_repr": "boots", "action_flag": 3, "change_message": ""}}, {"model": "admin.logentry", "pk": 35, "fields": {"action_time": "2022-08-27T19:24:14.747Z", "user": 1, "content_type": 13, "object_id": "6", "object_repr": "heels", "action_flag": 3, "change_message": ""}}, {"model": "admin.logentry", "pk": 36, "fields": {"action_time": "2022-08-27T19:28:17.723Z", "user": 1, "content_type": 14, "object_id": "7", "object_repr": "Pink Blazer", "action_flag": 1, "change_message": "[{\"added\": {}}]"}}, {"model": "admin.logentry", "pk": 37, "fields": {"action_time": "2022-08-27T19:31:52.741Z", "user": 1, "content_type": 14, "object_id": "8", "object_repr": "White Dress", "action_flag": 1, "change_message": "[{\"added\": {}}]"}}, {"model": "admin.logentry", "pk": 38, "fields": {"action_time": "2022-08-27T19:38:48.512Z", "user": 1, "content_type": 14, "object_id": "9", "object_repr": "Graphic Tee", "action_flag": 1, "change_message": "[{\"added\": {}}]"}}, {"model": "admin.logentry", "pk": 39, "fields": {"action_time": "2022-08-27T19:41:42.471Z", "user": 1, "content_type": 14, "object_id": "10", "object_repr": "Red straight leg trousers", "action_flag": 1, "change_message": "[{\"added\": {}}]"}}, {"model": "admin.logentry", "pk": 40, "fields": {"action_time": "2022-08-27T19:41:45.978Z", "user": 1, "content_type": 14, "object_id": "11", "object_repr": "Red straight leg trousers", "action_flag": 1, "change_message": "[{\"added\": {}}]"}}, {"model": "admin.logentry", "pk": 41, "fields": {"action_time": "2022-08-27T19:41:56.810Z", "user": 1, "content_type": 14, "object_id": "10", "object_repr": "Red straight leg trousers", "action_flag": 3, "change_message": ""}}, {"model": "admin.logentry", "pk": 42, "fields": {"action_time": "2022-08-27T20:19:33.496Z", "user": 1, "content_type": 14, "object_id": "12", "object_repr": "Beige Trench coat", "action_flag": 1, "change_message": "[{\"added\": {}}]"}}, {"model": "admin.logentry", "pk": 43, "fields": {"action_time": "2022-08-27T20:23:17.818Z", "user": 1, "content_type": 14, "object_id": "13", "object_repr": "Pearl hair clip", "action_flag": 1, "change_message": "[{\"added\": {}}]"}}, {"model": "admin.logentry", "pk": 44, "fields": {"action_time": "2022-08-27T20:30:55.981Z", "user": 1, "content_type": 14, "object_id": "14", "object_repr": "Top handle red bag", "action_flag": 1, "change_message": "[{\"added\": {}}]"}}, {"model": "admin.logentry", "pk": 45, "fields": {"action_time": "2022-08-27T20:35:08.988Z", "user": 1, "content_type": 14, "object_id": "15", "object_repr": "Floral scarf", "action_flag": 1, "change_message": "[{\"added\": {}}]"}}, {"model": "admin.logentry", "pk": 46, "fields": {"action_time": "2022-08-27T20:41:52.388Z", "user": 1, "content_type": 14, "object_id": "16", "object_repr": "Red floral dress", "action_flag": 1, "change_message": "[{\"added\": {}}]"}}, {"model": "admin.logentry", "pk": 47, "fields": {"action_time": "2022-08-27T20:43:29.038Z", "user": 1, "content_type": 14, "object_id": "17", "object_repr": "Floral Evening gown", "action_flag": 1, "change_message": "[{\"added\": {}}]"}}, {"model": "admin.logentry", "pk": 48, "fields": {"action_time": "2022-08-27T20:44:32.728Z", "user": 1, "content_type": 14, "object_id": "18", "object_repr": "Sparkly Off the shoulder dress", "action_flag": 1, "change_message": "[{\"added\": {}}]"}}, {"model": "admin.logentry", "pk": 49, "fields": {"action_time": "2022-08-27T20:46:18.789Z", "user": 1, "content_type": 14, "object_id": "19", "object_repr": "White Hoodie", "action_flag": 1, "change_message": "[{\"added\": {}}]"}}, {"model": "admin.logentry", "pk": 50, "fields": {"action_time": "2022-08-27T20:47:42.137Z", "user": 1, "content_type": 14, "object_id": "20", "object_repr": "White shirt", "action_flag": 1, "change_message": "[{\"added\": {}}]"}}, {"model": "admin.logentry", "pk": 51, "fields": {"action_time": "2022-08-27T20:48:54.115Z", "user": 1, "content_type": 14, "object_id": "21", "object_repr": "Badge Jeans", "action_flag": 1, "change_message": "[{\"added\": {}}]"}}, {"model": "admin.logentry", "pk": 52, "fields": {"action_time": "2022-08-27T20:50:07.079Z", "user": 1, "content_type": 14, "object_id": "22", "object_repr": "Black Leather jacket", "action_flag": 1, "change_message": "[{\"added\": {}}]"}}, {"model": "admin.logentry", "pk": 53, "fields": {"action_time": "2022-08-27T20:51:21.618Z", "user": 1, "content_type": 14, "object_id": "23", "object_repr": "Floral Scrunchie", "action_flag": 1, "change_message": "[{\"added\": {}}]"}}, {"model": "admin.logentry", "pk": 54, "fields": {"action_time": "2022-08-27T20:54:04.571Z", "user": 1, "content_type": 14, "object_id": "24", "object_repr": "Black hat", "action_flag": 1, "change_message": "[{\"added\": {}}]"}}, {"model": "admin.logentry", "pk": 55, "fields": {"action_time": "2022-08-27T20:55:49.063Z", "user": 1, "content_type": 14, "object_id": "25", "object_repr": "Tote bag", "action_flag": 1, "change_message": "[{\"added\": {}}]"}}, {"model": "admin.logentry", "pk": 56, "fields": {"action_time": "2022-08-27T20:57:13.687Z", "user": 1, "content_type": 14, "object_id": "26", "object_repr": "Grey wool scarf", "action_flag": 1, "change_message": "[{\"added\": {}}]"}}, {"model": "admin.logentry", "pk": 57, "fields": {"action_time": "2022-08-27T20:57:36.569Z", "user": 1, "content_type": 14, "object_id": "26", "object_repr": "Grey wool scarf", "action_flag": 2, "change_message": "[{\"changed\": {\"fields\": [\"Category\"]}}]"}}, {"model": "admin.logentry", "pk": 58, "fields": {"action_time": "2022-08-27T21:06:30.013Z", "user": 1, "content_type": 14, "object_id": "23", "object_repr": "Scrunchie", "action_flag": 2, "change_message": "[{\"changed\": {\"fields\": [\"Name\", \"Description\", \"Image\"]}}]"}}, {"model": "admin.logentry", "pk": 59, "fields": {"action_time": "2022-08-28T12:29:49.861Z", "user": 1, "content_type": 16, "object_id": "44", "object_repr": "1907F4EC5A924C15ABF500CC4022C816", "action_flag": 3, "change_message": ""}}, {"model": "admin.logentry", "pk": 60, "fields": {"action_time": "2022-08-28T12:29:49.863Z", "user": 1, "content_type": 16, "object_id": "43", "object_repr": "FC3FDAFA2C9A471886C6622712F6405A", "action_flag": 3, "change_message": ""}}, {"model": "admin.logentry", "pk": 61, "fields": {"action_time": "2022-08-28T12:29:49.866Z", "user": 1, "content_type": 16, "object_id": "42", "object_repr": "6D5CC47AE5D9404290C95D0AEAA166A2", "action_flag": 3, "change_message": ""}}, {"model": "admin.logentry", "pk": 62, "fields": {"action_time": "2022-08-28T12:29:49.867Z", "user": 1, "content_type": 16, "object_id": "41", "object_repr": "D6A4D9C7365B490991701271DFBEBF99", "action_flag": 3, "change_message": ""}}, {"model": "admin.logentry", "pk": 63, "fields": {"action_time": "2022-08-28T12:29:49.869Z", "user": 1, "content_type": 16, "object_id": "40", "object_repr": "1658C1208E694826BA5C4181CA09FA8E", "action_flag": 3, "change_message": ""}}, {"model": "admin.logentry", "pk": 64, "fields": {"action_time": "2022-08-28T12:29:49.870Z", "user": 1, "content_type": 16, "object_id": "39", "object_repr": "8B905715EC6948C29A5644989F95FC84", "action_flag": 3, "change_message": ""}}, {"model": "admin.logentry", "pk": 65, "fields": {"action_time": "2022-08-28T12:29:49.872Z", "user": 1, "content_type": 16, "object_id": "38", "object_repr": "F642CF92512A43EB95FD33D5F3691B1C", "action_flag": 3, "change_message": ""}}, {"model": "admin.logentry", "pk": 66, "fields": {"action_time": "2022-08-28T12:29:49.873Z", "user": 1, "content_type": 16, "object_id": "37", "object_repr": "10D7D3DC666244F08879CE658C342466", "action_flag": 3, "change_message": ""}}, {"model": "admin.logentry", "pk": 67, "fields": {"action_time": "2022-08-28T12:29:49.874Z", "user": 1, "content_type": 16, "object_id": "36", "object_repr": "FA1EE0B5E578436FA43B35F9F15DF11F", "action_flag": 3, "change_message": ""}}, {"model": "admin.logentry", "pk": 68, "fields": {"action_time": "2022-08-28T12:29:49.876Z", "user": 1, "content_type": 16, "object_id": "35", "object_repr": "2994E3959CCB42A2BDF47C0C070C17A9", "action_flag": 3, "change_message": ""}}, {"model": "admin.logentry", "pk": 69, "fields": {"action_time": "2022-08-28T12:29:49.877Z", "user": 1, "content_type": 16, "object_id": "34", "object_repr": "686DA204F9E0438791FF3084F849135D", "action_flag": 3, "change_message": ""}}, {"model": "admin.logentry", "pk": 70, "fields": {"action_time": "2022-08-28T12:29:49.879Z", "user": 1, "content_type": 16, "object_id": "33", "object_repr": "45D1E9D5224445A3A6696E5A1C987862", "action_flag": 3, "change_message": ""}}, {"model": "admin.logentry", "pk": 71, "fields": {"action_time": "2022-08-28T12:29:49.881Z", "user": 1, "content_type": 16, "object_id": "32", "object_repr": "8E133C2E0E13403FBA18A38FBAB1FCE2", "action_flag": 3, "change_message": ""}}, {"model": "admin.logentry", "pk": 72, "fields": {"action_time": "2022-08-28T12:29:49.883Z", "user": 1, "content_type": 16, "object_id": "31", "object_repr": "8462B726CD0F41A3AC3ABED34A7BB7BD", "action_flag": 3, "change_message": ""}}, {"model": "admin.logentry", "pk": 73, "fields": {"action_time": "2022-08-28T12:29:49.884Z", "user": 1, "content_type": 16, "object_id": "30", "object_repr": "16ADB8B9B62A437EBF4F556AF5F0D9F7", "action_flag": 3, "change_message": ""}}, {"model": "admin.logentry", "pk": 74, "fields": {"action_time": "2022-08-28T12:29:49.888Z", "user": 1, "content_type": 16, "object_id": "29", "object_repr": "7E309080A3574EBEA3C32EA386290F5F", "action_flag": 3, "change_message": ""}}, {"model": "admin.logentry", "pk": 75, "fields": {"action_time": "2022-08-28T12:29:49.891Z", "user": 1, "content_type": 16, "object_id": "28", "object_repr": "F227E71CCBBA4442AC8C02395882FF2E", "action_flag": 3, "change_message": ""}}, {"model": "admin.logentry", "pk": 76, "fields": {"action_time": "2022-08-28T12:29:49.893Z", "user": 1, "content_type": 16, "object_id": "27", "object_repr": "9B1D875999D54B298D5B48A21351DC5B", "action_flag": 3, "change_message": ""}}, {"model": "admin.logentry", "pk": 77, "fields": {"action_time": "2022-08-28T12:29:49.895Z", "user": 1, "content_type": 16, "object_id": "26", "object_repr": "9850AF6918E14878924B21662523EBD6", "action_flag": 3, "change_message": ""}}, {"model": "admin.logentry", "pk": 78, "fields": {"action_time": "2022-08-28T12:29:49.896Z", "user": 1, "content_type": 16, "object_id": "25", "object_repr": "B8CF9A3F455D4ADC81F8C643C34D729A", "action_flag": 3, "change_message": ""}}, {"model": "admin.logentry", "pk": 79, "fields": {"action_time": "2022-08-28T12:29:49.898Z", "user": 1, "content_type": 16, "object_id": "24", "object_repr": "A78A775FD9C74DDE95B8F9BBE7B31B81", "action_flag": 3, "change_message": ""}}, {"model": "admin.logentry", "pk": 80, "fields": {"action_time": "2022-08-28T12:29:49.899Z", "user": 1, "content_type": 16, "object_id": "23", "object_repr": "02D8FF1E23DA464E95925523FD300801", "action_flag": 3, "change_message": ""}}, {"model": "admin.logentry", "pk": 81, "fields": {"action_time": "2022-08-28T12:29:49.901Z", "user": 1, "content_type": 16, "object_id": "22", "object_repr": "A5D5BE68AE1A45E082E92C22ABF232C5", "action_flag": 3, "change_message": ""}}, {"model": "admin.logentry", "pk": 82, "fields": {"action_time": "2022-08-28T12:29:49.902Z", "user": 1, "content_type": 16, "object_id": "21", "object_repr": "D6C7E5BB6C294E5AB9C225CDFAD57A59", "action_flag": 3, "change_message": ""}}, {"model": "admin.logentry", "pk": 83, "fields": {"action_time": "2022-08-28T12:29:49.904Z", "user": 1, "content_type": 16, "object_id": "20", "object_repr": "D1E4DBDFCE9F40E4B370BF9FDA644546", "action_flag": 3, "change_message": ""}}, {"model": "admin.logentry", "pk": 84, "fields": {"action_time": "2022-08-28T12:29:49.905Z", "user": 1, "content_type": 16, "object_id": "19", "object_repr": "788C135997174D0D96130D5D86F7E6BA", "action_flag": 3, "change_message": ""}}, {"model": "admin.logentry", "pk": 85, "fields": {"action_time": "2022-08-28T12:29:49.907Z", "user": 1, "content_type": 16, "object_id": "18", "object_repr": "708E95F8F40F4899AF96DBB3D5738D7F", "action_flag": 3, "change_message": ""}}, {"model": "admin.logentry", "pk": 86, "fields": {"action_time": "2022-08-28T12:29:49.909Z", "user": 1, "content_type": 16, "object_id": "17", "object_repr": "E38B41F9DFD8442397EFE72D74125DB1", "action_flag": 3, "change_message": ""}}, {"model": "admin.logentry", "pk": 87, "fields": {"action_time": "2022-08-28T12:29:49.911Z", "user": 1, "content_type": 16, "object_id": "16", "object_repr": "D43FABFEAB944587A755F8D30CF4671C", "action_flag": 3, "change_message": ""}}, {"model": "admin.logentry", "pk": 88, "fields": {"action_time": "2022-08-28T12:29:49.913Z", "user": 1, "content_type": 16, "object_id": "15", "object_repr": "AB45A98817F0478BB679AB10CCC9E20B", "action_flag": 3, "change_message": ""}}, {"model": "admin.logentry", "pk": 89, "fields": {"action_time": "2022-08-28T12:49:53.354Z", "user": 1, "content_type": 16, "object_id": "14", "object_repr": "4309C90260F840518AC15B73D07FD3D6", "action_flag": 3, "change_message": ""}}, {"model": "admin.logentry", "pk": 90, "fields": {"action_time": "2022-08-28T12:49:53.356Z", "user": 1, "content_type": 16, "object_id": "13", "object_repr": "4E3339DB4C9345E2AC6D8C1079118B0F", "action_flag": 3, "change_message": ""}}, {"model": "admin.logentry", "pk": 91, "fields": {"action_time": "2022-08-28T12:49:53.357Z", "user": 1, "content_type": 16, "object_id": "12", "object_repr": "C782575A3A5E4AF6A0A2105923F6C23F", "action_flag": 3, "change_message": ""}}, {"model": "admin.logentry", "pk": 92, "fields": {"action_time": "2022-08-28T12:49:53.360Z", "user": 1, "content_type": 16, "object_id": "11", "object_repr": "3903BBF2D84349308885E4A67D300A10", "action_flag": 3, "change_message": ""}}, {"model": "admin.logentry", "pk": 93, "fields": {"action_time": "2022-08-28T12:49:53.361Z", "user": 1, "content_type": 16, "object_id": "10", "object_repr": "48CEB9ACFA4A4C77B50D0FB3E733A576", "action_flag": 3, "change_message": ""}}, {"model": "admin.logentry", "pk": 94, "fields": {"action_time": "2022-08-28T12:49:53.363Z", "user": 1, "content_type": 16, "object_id": "9", "object_repr": "14830603AC3D4069BA2729C28D281B50", "action_flag": 3, "change_message": ""}}, {"model": "admin.logentry", "pk": 95, "fields": {"action_time": "2022-08-28T12:49:53.364Z", "user": 1, "content_type": 16, "object_id": "8", "object_repr": "D5D1FBC254754AE8AC2529A374B05606", "action_flag": 3, "change_message": ""}}, {"model": "admin.logentry", "pk": 96, "fields": {"action_time": "2022-08-28T12:49:53.366Z", "user": 1, "content_type": 16, "object_id": "7", "object_repr": "3D524F64C4B6403FAE9D4F0207FCD4EF", "action_flag": 3, "change_message": ""}}, {"model": "admin.logentry", "pk": 97, "fields": {"action_time": "2022-08-28T12:49:53.367Z", "user": 1, "content_type": 16, "object_id": "6", "object_repr": "8C22E60B46694AC6BB909BCF1F272B56", "action_flag": 3, "change_message": ""}}, {"model": "admin.logentry", "pk": 98, "fields": {"action_time": "2022-08-28T14:18:35.742Z", "user": 1, "content_type": 14, "object_id": "27", "object_repr": "20", "action_flag": 3, "change_message": ""}}, {"model": "admin.logentry", "pk": 99, "fields": {"action_time": "2022-08-28T14:37:25.374Z", "user": 1, "content_type": 14, "object_id": "28", "object_repr": "test", "action_flag": 3, "change_message": ""}}, {"model": "admin.logentry", "pk": 100, "fields": {"action_time": "2022-08-28T14:37:25.376Z", "user": 1, "content_type": 14, "object_id": "29", "object_repr": "test2", "action_flag": 3, "change_message": ""}}, {"model": "admin.logentry", "pk": 101, "fields": {"action_time": "2022-08-28T16:30:13.687Z", "user": 1, "content_type": 16, "object_id": "47", "object_repr": "168D5F6AF9E34B67ADF0FBE536E131CB", "action_flag": 3, "change_message": ""}}, {"model": "admin.logentry", "pk": 102, "fields": {"action_time": "2022-08-28T16:30:13.690Z", "user": 1, "content_type": 16, "object_id": "46", "object_repr": "8EBDC28DBBAF48888EC19675BE07E428", "action_flag": 3, "change_message": ""}}, {"model": "admin.logentry", "pk": 103, "fields": {"action_time": "2022-08-28T16:30:13.692Z", "user": 1, "content_type": 16, "object_id": "45", "object_repr": "EAE2845B989D469689C5AE966B604436", "action_flag": 3, "change_message": ""}}, {"model": "admin.logentry", "pk": 104, "fields": {"action_time": "2022-08-28T16:30:41.732Z", "user": 1, "content_type": 14, "object_id": "7", "object_repr": "Pink Blazer", "action_flag": 2, "change_message": "[]"}}, {"model": "admin.logentry", "pk": 105, "fields": {"action_time": "2022-08-28T16:30:57.818Z", "user": 1, "content_type": 14, "object_id": "9", "object_repr": "Graphic Tee", "action_flag": 2, "change_message": "[{\"changed\": {\"fields\": [\"Image\"]}}]"}}, {"model": "admin.logentry", "pk": 106, "fields": {"action_time": "2022-08-28T16:31:06.247Z", "user": 1, "content_type": 14, "object_id": "17", "object_repr": "Floral Evening gown", "action_flag": 2, "change_message": "[{\"changed\": {\"fields\": [\"Image\"]}}]"}}, {"model": "admin.logentry", "pk": 107, "fields": {"action_time": "2022-08-28T16:31:44.417Z", "user": 1, "content_type": 14, "object_id": "18", "object_repr": "Red bodycon dress", "action_flag": 2, "change_message": "[{\"changed\": {\"fields\": [\"Name\", \"Description\", \"Image\"]}}]"}}, {"model": "admin.logentry", "pk": 108, "fields": {"action_time": "2022-08-28T16:31:51.734Z", "user": 1, "content_type": 14, "object_id": "19", "object_repr": "White Hoodie", "action_flag": 2, "change_message": "[{\"changed\": {\"fields\": [\"Image\"]}}]"}}, {"model": "admin.logentry", "pk": 109, "fields": {"action_time": "2022-08-28T16:31:58.797Z", "user": 1, "content_type": 14, "object_id": "20", "object_repr": "White shirt", "action_flag": 2, "change_message": "[{\"changed\": {\"fields\": [\"Image\"]}}]"}}, {"model": "admin.logentry", "pk": 110, "fields": {"action_time": "2022-08-28T16:32:45.654Z", "user": 1, "content_type": 14, "object_id": "21", "object_repr": "Jeans", "action_flag": 2, "change_message": "[{\"changed\": {\"fields\": [\"Name\", \"Description\", \"Image\"]}}]"}}, {"model": "admin.logentry", "pk": 111, "fields": {"action_time": "2022-08-28T16:32:52.280Z", "user": 1, "content_type": 14, "object_id": "22", "object_repr": "Black Leather jacket", "action_flag": 2, "change_message": "[{\"changed\": {\"fields\": [\"Image\"]}}]"}}, {"model": "admin.logentry", "pk": 112, "fields": {"action_time": "2022-08-28T16:33:06.834Z", "user": 1, "content_type": 14, "object_id": "23", "object_repr": "Scrunchies", "action_flag": 2, "change_message": "[{\"changed\": {\"fields\": [\"Name\", \"Description\", \"Image\"]}}]"}}, {"model": "admin.logentry", "pk": 113, "fields": {"action_time": "2022-08-28T16:33:14.893Z", "user": 1, "content_type": 14, "object_id": "24", "object_repr": "Black hat", "action_flag": 2, "change_message": "[{\"changed\": {\"fields\": [\"Image\"]}}]"}}, {"model": "admin.logentry", "pk": 114, "fields": {"action_time": "2022-08-28T16:33:21.825Z", "user": 1, "content_type": 14, "object_id": "25", "object_repr": "Tote bag", "action_flag": 2, "change_message": "[{\"changed\": {\"fields\": [\"Image\"]}}]"}}, {"model": "admin.logentry", "pk": 115, "fields": {"action_time": "2022-08-28T16:33:29.877Z", "user": 1, "content_type": 14, "object_id": "26", "object_repr": "Grey wool scarf", "action_flag": 2, "change_message": "[{\"changed\": {\"fields\": [\"Image\"]}}]"}}, {"model": "admin.logentry", "pk": 116, "fields": {"action_time": "2022-08-28T16:33:40.570Z", "user": 1, "content_type": 14, "object_id": "9", "object_repr": "Graphic Tee", "action_flag": 2, "change_message": "[{\"changed\": {\"fields\": [\"Image\"]}}]"}}, {"model": "admin.logentry", "pk": 117, "fields": {"action_time": "2022-08-28T16:33:49.091Z", "user": 1, "content_type": 14, "object_id": "11", "object_repr": "Red straight leg trousers", "action_flag": 2, "change_message": "[{\"changed\": {\"fields\": [\"Image\"]}}]"}}, {"model": "admin.logentry", "pk": 118, "fields": {"action_time": "2022-08-28T16:33:57.071Z", "user": 1, "content_type": 14, "object_id": "12", "object_repr": "Beige Trench coat", "action_flag": 2, "change_message": "[{\"changed\": {\"fields\": [\"Image\"]}}]"}}, {"model": "admin.logentry", "pk": 119, "fields": {"action_time": "2022-08-28T16:34:04.842Z", "user": 1, "content_type": 14, "object_id": "13", "object_repr": "Pearl hair clip", "action_flag": 2, "change_message": "[{\"changed\": {\"fields\": [\"Image\"]}}]"}}, {"model": "admin.logentry", "pk": 120, "fields": {"action_time": "2022-08-28T16:34:11.364Z", "user": 1, "content_type": 14, "object_id": "14", "object_repr": "Top handle red bag", "action_flag": 2, "change_message": "[{\"changed\": {\"fields\": [\"Image\"]}}]"}}, {"model": "admin.logentry", "pk": 121, "fields": {"action_time": "2022-08-28T16:34:18.598Z", "user": 1, "content_type": 14, "object_id": "15", "object_repr": "Floral scarf", "action_flag": 2, "change_message": "[{\"changed\": {\"fields\": [\"Image\"]}}]"}}, {"model": "admin.logentry", "pk": 122, "fields": {"action_time": "2022-08-28T16:34:56.205Z", "user": 1, "content_type": 14, "object_id": "16", "object_repr": "Floral dress", "action_flag": 2, "change_message": "[{\"changed\": {\"fields\": [\"Name\", \"Image\"]}}]"}}, {"model": "admin.logentry", "pk": 123, "fields": {"action_time": "2022-08-28T16:36:05.960Z", "user": 1, "content_type": 14, "object_id": "32", "object_repr": "Floral Ruffle Dress", "action_flag": 1, "change_message": "[{\"added\": {}}]"}}, {"model": "auth.user", "pk": 1, "fields": {"password": "pbkdf2_sha256$260000$VCAVTOp8mBDvYYLFD667oP$Yp43zUD+A2b2IzfU/8HTCUEROuYah8zncGCJq9L90js=", "last_login": "2022-08-28T14:18:23.141Z", "is_superuser": true, "username": "char", "first_name": "", "last_name": "", "email": "", "is_staff": true, "is_active": true, "date_joined": "2022-07-26T14:00:53.497Z", "groups": [], "user_permissions": []}}, {"model": "auth.user", "pk": 2, "fields": {"password": "pbkdf2_sha256$260000$2dqEZRkzLWKCJmznlNtYeO$S8qvAr4aRylVymM7h7whlROWbOOaLjsBKLfqcY7ZPJw=", "last_login": "2022-08-29T11:25:10.357Z", "is_superuser": false, "username": "test", "first_name": "", "last_name": "", "email": "test@test.com", "is_staff": false, "is_active": true, "date_joined": "2022-08-27T23:02:22.658Z", "groups": [], "user_permissions": []}}, {"model": "sessions.session", "pk": "0619u1m48qck25fuypssfjzpdadj6p3f", "fields": {"session_data": ".eJxVjEEOgjAQRe_StWnaEmDK0r1naKYzg1RNaygkGuPdlYSFbv97_71UwHWZwlplDonVoKw6_G4R6Sp5A3zBfC6aSl7mFPWm6J1WfSost-Pu_gUmrNP37Sx4bqDz3jhATx3EESBah0QMRhgcI3FjejTkEGQcqWEr0PXcc9tu0Sq1ppKDPO5pfqrBvD-WYD-x:1oH6NM:pFsIycjRqwj_pQqYCLOtD6QJQlFXqXbqZQnhNGyp360", "expire_date": "2022-08-11T16:28:40.126Z"}}, {"model": "sessions.session", "pk": "7bdtcdm0v3dmdtd2m7vo3eviqgt9sml5", "fields": {"session_data": "eyJiYWciOnsiMyI6NSwiMiI6MX19:1oQXD8:qQD0dh4zLVy0NV4hu30kvJVmhCALhVqwci4wfI_nNN0", "expire_date": "2022-09-06T16:57:06.446Z"}}, {"model": "sessions.session", "pk": "7cnqiv9g6nq148qxqapts52ngi9auegh", "fields": {"session_data": "eyJiYWciOnsiMSI6MSwiMyI6M319:1oOcnK:N5QnX72NdlUY1yW4d7b0fr9XrBAekL834tMBXOuufFk", "expire_date": "2022-09-01T10:30:34.863Z"}}, {"model": "sessions.session", "pk": "91rjggzlu8aaem58ot53mo1heypkzs8p", "fields": {"session_data": "eyJiYWciOnsiNiI6MX19:1oQsYV:V2SzQQJk53PLTy9vYgQ8EhA0-_dk8GcHPeAEZPA52Zk", "expire_date": "2022-09-07T15:44:35.926Z"}}, {"model": "sessions.session", "pk": "9z83hoeczh5xo9haby2zg0w7jg26f1dw", "fields": {"session_data": "eyJiYWciOnsiNCI6MX19:1oOcpw:DC3vdcpmBQYWLKeNHniy-93vepGn3FDgdiYXTrENap4", "expire_date": "2022-09-01T10:33:16.456Z"}}, {"model": "sessions.session", "pk": "c6uejbx2i10vk6tkz49580w504xad2yg", "fields": {"session_data": ".eJxVjEsOwjAMRO-SNYryUVuHHVwkcmxXjahSiaQrxN1JURewnDcz76Ui7m2Je5VnzKyuyqrLL0tIDylHget6YI1E216a_m7OuupbT1JaJmx5K_fz9adasC7d4ywE9jCGYBxgoBHSDJCs62IGIwyOkdibCQ05BJln8mwFxoknHgb1_gC69jzo:1oL3YT:PJX97AXqdUqtQ6Ew3XBz4-G5J8J7zSEHpuODd4Igutc", "expire_date": "2022-08-22T14:16:29.854Z"}}, {"model": "sessions.session", "pk": "e1v4qrxbr60vurggdel0e7vtijix0m10", "fields": {"session_data": ".eJxVjMsOwiAQRf-FtSE8UhhcuvcbyDADUjWQlHZl_Hdt0oVu7znnvkTEba1xG3mJM4uz0OL0uyWkR2474Du2W5fU27rMSe6KPOiQ1875eTncv4OKo35royGwBReCMoCBHKQCkLRBIgaVGQwjsVUeFRmEXApZ1hmcZ8_TJN4f4vo4dA:1oNbw5:NVizPz9Zvxmdmo_-FOOgz9M39d0GmL1CVl59c6XX9vU", "expire_date": "2022-08-29T15:23:25.480Z"}}, {"model": "sessions.session", "pk": "hmeqnoltyytzqw265tctycjzxex012rn", "fields": {"session_data": ".eJxVjMsOwiAQRf-FtSE8UhhcuvcbyDADUjWQlHZl_Hdt0oVu7znnvkTEba1xG3mJM4uz0OL0uyWkR2474Du2W5fU27rMSe6KPOiQ1875eTncv4OKo35royGwBReCMoCBHKQCkLRBIgaVGQwjsVUeFRmEXApZ1hmcZ8_TJN4f4vo4dA:1oJxm4:bRX0Kh6BgsYSflIhZ0NxCtVbSmNMHsC3_Zp317INaZY", "expire_date": "2022-08-19T13:54:00.472Z"}}, {"model": "sessions.session", "pk": "hobzcxhxxcemb3fjttll54t2ixr21ccq", "fields": {"session_data": "eyJiYWciOnsiMyI6NSwiMiI6MTB9fQ:1oOGyn:j7a2z7s-qVD4yRykybfNrSfzgoACEeHrBKvEHgaSgmE", "expire_date": "2022-08-31T11:12:57.356Z"}}, {"model": "sessions.session", "pk": "iiu32bw5kwohjvth0ga03gkncmut01ld", "fields": {"session_data": ".eJxVjEEOwiAQAP_CuSFAW2l79O4byC67tagBA63RGP9uSHrQ68xk3sLBti5uK5xdIDEJI5pfhuCvHKugC8Rzkj7FNQeUNZG7LfKUiG_Hvf0bLFCWuiWPA5jRWqMNIfKselCgtGVlPSviWbe2HS0S9J66AYjYHogsDqPusE4LlxJSdPy8h_wSk2pEgQe7EOckpjVv_PkCMslGRw:1oS6bm:4TuYmAIXuOFP8clwLobFNcnuqaHnZ9mWUwZLAItHtkA", "expire_date": "2022-09-11T00:57:02.820Z"}}, {"model": "sessions.session", "pk": "jnxk5r7j5kaivgkewr7mzryf35fd2xw0", "fields": {"session_data": "eyJiYWciOnsiNiI6MX19:1oQtIt:BEfn77jqhBZ-aGCI1SqWRAhUaIEuagG4rtUhh78eejs", "expire_date": "2022-09-07T16:32:31.651Z"}}, {"model": "sessions.session", "pk": "ju2i9z62t6mtz3deirzpcluz1iwi3396", "fields": {"session_data": ".eJxVjEEKwjAQAP-Ss5Qktm7bo3ffEHazWxuVRJJWFPHvEuil15lhvqrgS1yIU1Ljklc5KIfrMru1SHaB1ais2jFCf5dYBd8wXlPjU1xyoKYmzWZLc0ksj_PW7gYzlrlu2VOPdgCwxjKRTLpDjdqAaPCiWSZzhOMAxNh5bntkFjgxA_WDaalOi5QSUnTyfob8UaP-_QGMy0ZH:1oScvW:I-xKWlm02l6Go19-s9PSXPwxwcYjWmkuUZpKZu_CrfA", "expire_date": "2022-09-12T11:27:34.613Z"}}, {"model": "sessions.session", "pk": "l8ucr0uibffc38ds6eq2zfnu3y6bugf1", "fields": {"session_data": "eyJiYWciOnt9fQ:1oRFov:AuFfu13RRXQoTOOnayzaJ_JnDgTSI1sleRiRogT5328", "expire_date": "2022-09-08T16:35:05.674Z"}}, {"model": "sessions.session", "pk": "lzx65f68s13i8cc1dsrbcesms0ne516b", "fields": {"session_data": ".eJxVjUsOgjAQhu_SNSFtAQfY6UWaaWcIjaQY2hqN8e5Sw0KX__N7CYM5zSZH3ownMQotql_PortyKAEuS7FrdG7NIdXfzhHH-rwrDsk7TH4Nl2P1dzVjnAuAnO1RDwBaabKWJ9mhRKmAJTiWxJNqoBnAEnaO2h6JGE5EYPtBtbacRo5xxxh-3Pz2FKOsRMQ7Gx-mVYxpy_z-AK-TSrs:1oSHha:4B-4o2tS7IO_Gn_DHHwfFGtn6jVcV6SyXwystzvWEKg", "expire_date": "2022-09-11T12:47:46.963Z"}}, {"model": "sessions.session", "pk": "ondt6he6mcygjkxx5amcvlzswvresowm", "fields": {"session_data": "eyJiYWciOnsiMyI6Mn19:1oRcks:9xdpEn6gtdm4Ib94d8JYsy2ZDzCblCrBzuf4zW_V_-o", "expire_date": "2022-09-09T17:04:26.473Z"}}, {"model": "sessions.session", "pk": "pevhempb3uil58a4tq576oim6ee4ox8t", "fields": {"session_data": ".eJxVj8FugzAQRH_F2jNCYAQYjr331GOIrLV3ISQEV9iulEb8e42USu1lD29mRzNP0BjDRUfPm54Jeigh-8sM2huvh0BXXCeXW7eGbTb5Yclfqs_fHfHy9vL-C7igv6RvWaqOKtV0XSEVdrZRZlTKlBKtJVUwKUloqSpaLKxExeNoKypZNS21VNcp1OMX63kdHfRhi5yBwQn6J1THmQPfvTYP7edvPkADfb3ve-pyZ-9xYp9anE4DaH31bv2lA2SiyISsMzHAR7Q24TEuy0OkQRyYRCM-N0fRBp8PcD7D_gNY9GY6:1oS0sl:90GsZ4aUhYhqsK4QQU98Wx8EqyGWE0gWcyh2xnrdEIQ", "expire_date": "2022-09-10T18:50:11.587Z"}}, {"model": "sessions.session", "pk": "qf5fgh9b6u2qojb1yylzgho4sgiq2u5s", "fields": {"session_data": "e30:1oS4kT:I_upaPTg9Bw4-gW3EJm3aXCp56eZYustW3ZbLZUCSVA", "expire_date": "2022-09-10T22:57:53.204Z"}}, {"model": "sessions.session", "pk": "z5l09oy47rwjbwd07antf9txrysnpm13", "fields": {"session_data": "eyJiYWciOnsiMSI6eyJpdGVtc19ieV9zaXplIjp7IjYiOjF9fX19:1oQZiZ:WiO9i3dWmx73jQskvvs2CxwN4PntftHfc9ipVvjB6-M", "expire_date": "2022-09-06T19:37:43.105Z"}}, {"model": "sites.site", "pk": 1, "fields": {"domain": "Reworn.com", "name": "Reworn"}}, {"model": "account.emailaddress", "pk": 1, "fields": {"user": 1, "email": "charlottereek@outlook.com", "verified": true, "primary": true}}, {"model": "account.emailaddress", "pk": 2, "fields": {"user": 2, "email": "test@test.com", "verified": true, "primary": true}}, {"model": "products.category", "pk": 1, "fields": {"name": "dresses", "friendly_name": "Dresses"}}, {"model": "products.category", "pk": 2, "fields": {"name": "tops", "friendly_name": "Tops"}}, {"model": "products.category", "pk": 3, "fields": {"name": "bottoms", "friendly_name": "Bottoms"}}, {"model": "products.category", "pk": 4, "fields": {"name": "jackets", "friendly_name": "Jackets"}}, {"model": "products.category", "pk": 5, "fields": {"name": "coats", "friendly_name": "Coats"}}, {"model": "products.category", "pk": 9, "fields": {"name": "hair_accessories", "friendly_name": "Hair Accessories"}}, {"model": "products.category", "pk": 10, "fields": {"name": "bags", "friendly_name": "Bags"}}, {"model": "products.category", "pk": 11, "fields": {"name": "scarfs", "friendly_name": "Scarfs"}}, {"model": "products.product", "pk": 7, "fields": {"category": 4, "sku": "1", "name": "Pink Blazer", "description": "Stunning pink blazer that is perfect for all seasons!", "has_sizes": true, "price": "50.99", "rating": "5.00", "image_url": null, "image": "miumiu.png"}}, {"model": "products.product", "pk": 9, "fields": {"category": 2, "sku": "3", "name": "Graphic Tee", "description": "Is there ever such thing as owning too many graphic tee shirts? This is a must have in your collection.", "has_sizes": true, "price": "15.00", "rating": "4.00", "image_url": null, "image": "alex-haigh-fEt6Wd4t4j0-unsplash_1_hcjOgW1.jpg"}}, {"model": "products.product", "pk": 11, "fields": {"category": 3, "sku": "4", "name": "Red straight leg trousers", "description": "An autumn must have! These are the perfect red trouser to bring into autumn", "has_sizes": true, "price": "30.00", "rating": "5.00", "image_url": null, "image": "malik-skydsgaard-3we24FcjVAk-unsplash_1.jpg"}}, {"model": "products.product", "pk": 12, "fields": {"category": 5, "sku": "5", "name": "Beige Trench coat", "description": "This coat speaks for its self. its a timless wardrobe staple!", "has_sizes": true, "price": "99.99", "rating": "3.00", "image_url": null, "image": "dane-moukao-5vrque5NVHI-unsplash_1.jpg"}}, {"model": "products.product", "pk": 13, "fields": {"category": 9, "sku": "6", "name": "Pearl hair clip", "description": "A hair accessorie can change an outfit and these pearl hair clips are perfect for adding a touch of glam to your outfit.", "has_sizes": false, "price": "6.99", "rating": "5.00", "image_url": null, "image": "fiona-murray-KE95wIwKp4Y-unsplash_1.jpg"}}, {"model": "products.product", "pk": 14, "fields": {"category": 10, "sku": "7", "name": "Top handle red bag", "description": "Classy and timeless are the best ways to describe this bag.", "has_sizes": false, "price": "120.00", "rating": "4.00", "image_url": null, "image": "arno-senoner-oCXVxwTFwqE-unsplash_2.jpg"}}, {"model": "products.product", "pk": 15, "fields": {"category": 11, "sku": "8", "name": "Floral scarf", "description": "Scarfs are not just for winter. This floral scarf can be used in so many different ways.", "has_sizes": false, "price": "15.99", "rating": "3.00", "image_url": null, "image": "sama-hosseini-z5UuOcQjXCY-unsplash_1.jpg"}}, {"model": "products.product", "pk": 16, "fields": {"category": 1, "sku": "9", "name": "Floral dress", "description": "A perfect summer dress", "has_sizes": true, "price": "20.99", "rating": "4.00", "image_url": null, "image": "shoeib-abolhassani-gAeu9OYG8bM-unsplash_1.jpg"}}, {"model": "products.product", "pk": 17, "fields": {"category": 1, "sku": "10", "name": "Floral Evening gown", "description": "This dress will have you red carpet ready in no time .", "has_sizes": true, "price": "200.00", "rating": "5.00", "image_url": null, "image": "khaled-ghareeb--NyPn9up_7o-unsplash_1.jpg"}}, {"model": "products.product", "pk": 18, "fields": {"category": 1, "sku": "11", "name": "Red bodycon dress", "description": "This is the perfect dress for all those upcoming  parties. This dress will make sure you stand out in the crowdd", "has_sizes": true, "price": "80.99", "rating": "4.00", "image_url": null, "image": "gajo-romario-LRws599Iaw8-unsplash_1.jpg"}}, {"model": "products.product", "pk": 19, "fields": {"category": 2, "sku": "12", "name": "White Hoodie", "description": "Kepp you outfit looking fresh with the crisp white hoodie", "has_sizes": true, "price": "35.00", "rating": "5.00", "image_url": null, "image": "mediamodifier-kJXGTOY1wLQ-unsplash_1.jpg"}}, {"model": "products.product", "pk": 20, "fields": {"category": 2, "sku": "13", "name": "White shirt", "description": "A wardrobe staple that  is perfect for layering and all occasions", "has_sizes": true, "price": "25.99", "rating": "5.00", "image_url": null, "image": "laura-chouette-5qRgJ8ISEpA-unsplash.jpg"}}, {"model": "products.product", "pk": 21, "fields": {"category": 3, "sku": "14", "name": "Jeans", "description": "Finding the perfect jean is hard but these jeans suit all bodies.", "has_sizes": true, "price": "55.00", "rating": "4.00", "image_url": null, "image": "ussama-azam-zzRdlv977ys-unsplash_1.jpg"}}, {"model": "products.product", "pk": 22, "fields": {"category": 4, "sku": "15", "name": "Black Leather jacket", "description": "A must have item to add some edginess to any look.", "has_sizes": true, "price": "150.00", "rating": "3.00", "image_url": null, "image": "lea-ochel-nsRBbE6-YLs-unsplash_1.jpg"}}, {"model": "products.product", "pk": 23, "fields": {"category": 9, "sku": "16", "name": "Scrunchies", "description": "who says these have to stay in the 80's - Comes as a set of 3", "has_sizes": false, "price": "5.00", "rating": "5.00", "image_url": null, "image": "john-carlo-tubelleza-hRakVMzHJfk-unsplash_1.jpg"}}, {"model": "products.product", "pk": 24, "fields": {"category": 9, "sku": "17", "name": "Black hat", "description": "A must have for those sunny days", "has_sizes": false, "price": "12.99", "rating": "2.00", "image_url": null, "image": "ali-pazani-5gscCTDZEoM-unsplash_1.jpg"}}, {"model": "products.product", "pk": 25, "fields": {"category": 10, "sku": "18", "name": "Tote bag", "description": "Tote bags are not only in style but are great for everyday use from work to shopping", "has_sizes": false, "price": "15.00", "rating": "5.00", "image_url": null, "image": "annisa-ica-U6CAOHNDvO4-unsplash_1.jpg"}}, {"model": "products.product", "pk": 26, "fields": {"category": 11, "sku": "19", "name": "Grey wool scarf", "description": "A beautiful woolen scarf that will keep you cosy in the winter.", "has_sizes": false, "price": "20.00", "rating": "1.00", "image_url": null, "image": "joanna-nix-walkup-1npMaSL9JHY-unsplash_1.jpg"}}, {"model": "products.product", "pk": 32, "fields": {"category": 1, "sku": "2", "name": "Floral Ruffle Dress", "description": "This dress if great for day and night. Pop on soem heels for an entire new look", "has_sizes": true, "price": "45.00", "rating": "4.00", "image_url": null, "image": "xu-duo-nTP69szNXkI-unsplash_1.jpg"}}, {"model": "checkout.order", "pk": 48, "fields": {"order_number": "02CA6F769B804922BED83CA855B39030", "user_profile": 1, "full_name": "test", "email": "test@test.com", "phone_number": "+447368655030", "street_address_1": "31 Mary Street, Kirkby-In-Ashfield", "street_address_2": "Kirkby-In-Ashfield", "town_or_city": "Nottingham", "county": "Nottinghamshire", "country": "GB", "postcode": "ng17 7js", "date": "2022-08-28T16:45:27.066Z", "delivery_cost": "0.00", "order_total": "352.97", "grand_total": "352.97", "original_bag": "{\"7\": {\"items_by_size\": {\"6\": 3}}, \"17\": {\"items_by_size\": {\"6\": 1}}}", "stripe_pid": "pi_3LbobgCGKkS40Krd0fMfflrF"}}, {"model": "checkout.order", "pk": 49, "fields": {"order_number": "8F44CB98368F4EEE83F24BA0C39783CD", "user_profile": null, "full_name": "test", "email": "test@test.com", "phone_number": "+447368655030", "street_address_1": "31 Mary Street, Kirkby-In-Ashfield", "street_address_2": "Kirkby-In-Ashfield", "town_or_city": "Nottingham", "county": "Nottinghamshire", "country": "GB", "postcode": "ng17 7js", "date": "2022-08-29T11:24:52.379Z", "delivery_cost": "0.00", "order_total": "167.97", "grand_total": "167.97", "original_bag": "{\"11\": {\"items_by_size\": {\"6\": 3}}, \"20\": {\"items_by_size\": {\"6\": 3}}}", "stripe_pid": "pi_3Lc64yCGKkS40Krd1PzL2fsH"}}, {"model": "checkout.order", "pk": 50, "fields": {"order_number": "DD8A082ADF2C4D77BFADBFE6881DBEF4", "user_profile": 2, "full_name": "test", "email": "test@test.com", "phone_number": "+447368655030", "street_address_1": "31 Mary Street, Kirkby-In-Ashfield", "street_address_2": "Kirkby-In-Ashfield", "town_or_city": "Nottingham", "county": "Nottinghamshire", "country": "GB", "postcode": "ng17 7js", "date": "2022-08-29T11:26:25.719Z", "delivery_cost": "0.00", "order_total": "152.97", "grand_total": "152.97", "original_bag": "{\"7\": {\"items_by_size\": {\"6\": 3}}}", "stripe_pid": "pi_3Lc66WCGKkS40Krd0JnvOTG0"}}, {"model": "checkout.order", "pk": 51, "fields": {"order_number": "E1C585AEDD82495CB2DFF5582C8F9BA3", "user_profile": 2, "full_name": "test", "email": "test@test.com", "phone_number": "+447368655030", "street_address_1": "31 Mary Street, Kirkby-In-Ashfield", "street_address_2": "Kirkby-In-Ashfield", "town_or_city": "Nottingham", "county": "Nottinghamshire", "country": "GB", "postcode": "ng17 7js", "date": "2022-08-29T11:27:34.374Z", "delivery_cost": "0.00", "order_total": "30.00", "grand_total": "30.00", "original_bag": "{\"11\": {\"items_by_size\": {\"6\": 1}}}", "stripe_pid": "pi_3Lc67cCGKkS40Krd0B7bpYfD"}}, {"model": "checkout.orderlineitem", "pk": 54, "fields": {"order": 48, "product": 7, "product_size": "6", "quantity": 3, "lineitem_total": "152.97"}}, {"model": "checkout.orderlineitem", "pk": 55, "fields": {"order": 48, "product": 17, "product_size": "6", "quantity": 1, "lineitem_total": "200.00"}}, {"model": "checkout.orderlineitem", "pk": 56, "fields": {"order": 49, "product": 11, "product_size": "6", "quantity": 3, "lineitem_total": "90.00"}}, {"model": "checkout.orderlineitem", "pk": 57, "fields": {"order": 49, "product": 20, "product_size": "6", "quantity": 3, "lineitem_total": "77.97"}}, {"model": "checkout.orderlineitem", "pk": 58, "fields": {"order": 50, "product": 7, "product_size": "6", "quantity": 3, "lineitem_total": "152.97"}}, {"model": "checkout.orderlineitem", "pk": 59, "fields": {"order": 51, "product": 11, "product_size": "6", "quantity": 1, "lineitem_total": "30.00"}}, {"model": "profiles.userprofile", "pk": 1, "fields": {"user": 1, "default_phone_number": "+447368655030", "default_street_address_1": "31 Mary Street, Kirkby-In-Ashfield", "default_street_address_2": "Kirkby-In-Ashfield", "default_town_or_city": "Nottingham", "default_county": "Nottinghamshire", "default_country": "TG", "default_postcode": "ng17 7js"}}, {"model": "profiles.userprofile", "pk": 2, "fields": {"user": 2, "default_phone_number": "+447368655030", "default_street_address_1": "31 Mary Street, Kirkby-In-Ashfield", "default_street_address_2": "Kirkby-In-Ashfield", "default_town_or_city": "Nottingham", "default_county": "Nottinghamshire", "default_country": "GB", "default_postcode": "ng17 7js"}}]